patient_id,avg_heart_rate,avg_temperature,avg_bp_systolic,avg_bp_diastolic,abnormal_count
2,79.0,41.1,136.0,97.0,0
3,104.0,40.55,102.5,81.0,1
6,114.0,42.2,135.0,73.0,1
8,81.5,39.3,143.0,82.5,1
9,117.66666666666667,37.96666666666667,110.33333333333333,78.66666666666667,2
10,75.0,40.3,100.0,94.0,0
